Type,Campaign,Ad Group,Keyword,Criterion Type,Match Type,Headline 1,Headline 2,Headline 3,Description 1,Description 2,Final URL,Path 1,Path 2,Status
Campaign,FR_Search_Habitation_HotIntent,,,,,,,,,,,,Enabled
Ad Group,FR_Search_Habitation_HotIntent,devis_assurance_habitation,,,,,,,,,,,Enabled
Ad Group,FR_Search_Habitation_HotIntent,mrh_vol_hamon,,,,,,,,,,,Enabled
Ad Group,FR_Search_Habitation_HotIntent,habitation_local,,,,,,,,,,,Enabled
Keyword,FR_Search_Habitation_HotIntent,devis_assurance_habitation,"devis assurance habitation",Keyword,Phrase,,,,,,,https://www.leadsopportunities.fr/landings/devis.html?need=habitation&utm_source=google&utm_medium=cpc&utm_campaign=habitation_search_hot&utm_content=kw_devis_mrh,mrh,devis,Enabled
Keyword,FR_Search_Habitation_HotIntent,devis_assurance_habitation,[assurance habitation],Keyword,Exact,,,,,,,https://www.leadsopportunities.fr/landings/devis.html?need=habitation&utm_source=google&utm_medium=cpc&utm_campaign=habitation_search_hot&utm_content=kw_exact_mrh,mrh,devis,Enabled
Keyword,FR_Search_Habitation_HotIntent,devis_assurance_habitation,"assurance habitation locataire",Keyword,Phrase,,,,,,,https://www.leadsopportunities.fr/blog/attestation-assurance-habitation-locataire-2026.html?utm_source=google&utm_medium=cpc&utm_campaign=habitation_search_hot&utm_content=kw_locataire,mrh,locataire,Enabled
Keyword,FR_Search_Habitation_HotIntent,devis_assurance_habitation,"courtier assurance habitation",Keyword,Phrase,,,,,,,https://www.leadsopportunities.fr/blog/assurance-habitation-courtier-grossiste-mrh-2026.html?utm_source=google&utm_medium=cpc&utm_campaign=habitation_search_hot&utm_content=kw_courtier,mrh,grossiste,Enabled
Keyword,FR_Search_Habitation_HotIntent,mrh_vol_hamon,"assurance habitation vol",Keyword,Phrase,,,,,,,https://www.leadsopportunities.fr/blog/assurance-habitation-vol-cambriolage-2026.html?utm_source=google&utm_medium=cpc&utm_campaign=habitation_search_hot&utm_content=kw_vol,mrh,vol,Enabled
Keyword,FR_Search_Habitation_HotIntent,mrh_vol_hamon,"changer assurance habitation",Keyword,Phrase,,,,,,,https://www.leadsopportunities.fr/blog/changer-assurance-habitation-loi-hamon.html?utm_source=google&utm_medium=cpc&utm_campaign=habitation_search_hot&utm_content=kw_hamon,mrh,hamon,Enabled
Keyword,FR_Search_Habitation_HotIntent,mrh_vol_hamon,"degats des eaux assurance",Keyword,Phrase,,,,,,,https://www.leadsopportunities.fr/blog/mrh-degats-des-eaux-franchise-2026.html?utm_source=google&utm_medium=cpc&utm_campaign=habitation_search_hot&utm_content=kw_dde,mrh,eau,Enabled
Keyword,FR_Search_Habitation_HotIntent,habitation_local,"assurance habitation paris",Keyword,Phrase,,,,,,,https://www.leadsopportunities.fr/assurance-habitation/paris/?utm_source=google&utm_medium=cpc&utm_campaign=habitation_search_hot&utm_content=kw_paris,mrh,paris,Enabled
Keyword,FR_Search_Habitation_HotIntent,habitation_local,"assurance habitation nancy",Keyword,Phrase,,,,,,,https://www.leadsopportunities.fr/assurance-habitation/nancy/?utm_source=google&utm_medium=cpc&utm_campaign=habitation_search_hot&utm_content=kw_nancy,mrh,nancy,Enabled
Keyword,FR_Search_Habitation_HotIntent,habitation_local,"assurance habitation varangeville",Keyword,Phrase,,,,,,,https://www.leadsopportunities.fr/blog/assurance-habitation-nancy-varangeville-54.html?utm_source=google&utm_medium=cpc&utm_campaign=habitation_search_hot&utm_content=kw_varangeville,mrh,54,Enabled
Negative Keyword,FR_Search_Habitation_HotIntent,,gratuit,Keyword,Phrase,,,,,,,,,Enabled
Negative Keyword,FR_Search_Habitation_HotIntent,,emploi,Keyword,Phrase,,,,,,,,,Enabled
Negative Keyword,FR_Search_Habitation_HotIntent,,formation,Keyword,Phrase,,,,,,,,,Enabled
Negative Keyword,FR_Search_Habitation_HotIntent,,forum,Keyword,Phrase,,,,,,,,,Enabled
Responsive Search Ad,FR_Search_Habitation_HotIntent,devis_assurance_habitation,,,,Devis Assurance Habitation,Locataire Ou Proprietaire,Courtier ORIAS France,"MRH : vol, degats des eaux, RC. Comparatif courtier / grossiste.","Attestation locataire. Rappel sous 15 min, sans engagement.",https://www.leadsopportunities.fr/landings/devis.html?need=habitation&utm_source=google&utm_medium=cpc&utm_campaign=habitation_search_hot&utm_content=rsa_devis,mrh,devis,Enabled
Responsive Search Ad,FR_Search_Habitation_HotIntent,mrh_vol_hamon,,,,Vol Et Cambriolage MRH,Changer Avec La Loi Hamon,Sans Trou De Garantie,"Franchise vol, bijoux, alarme : relisez avant le sinistre.","Apres 1 an, le nouvel assureur resilie souvent l ancien.",https://www.leadsopportunities.fr/blog/assurance-habitation-vol-cambriolage-2026.html?utm_source=google&utm_medium=cpc&utm_campaign=habitation_search_hot&utm_content=rsa_vol,mrh,vol,Enabled
Responsive Search Ad,FR_Search_Habitation_HotIntent,habitation_local,,,,Habitation Paris IDF,Nancy Varangeville 54,Devis Ville Par Ville,"Silo local : Paris, Ile-de-France, Nancy, Meurthe-et-Moselle.","Courtier bassin nanceien. Formules calees sur le logement.",https://www.leadsopportunities.fr/assurance-habitation/villes/?utm_source=google&utm_medium=cpc&utm_campaign=habitation_search_hot&utm_content=rsa_villes,mrh,ville,Enabled
