id,vertical,budget_eur_day,form_id,form_template,age_min,age_max,headline,primary_text,cta,utm_campaign,landing_url,article_url,geo,optimize_event
vtc_p1_charges,vtc,1,4578422069056454,vtc_express,25,58,"VTC : baissez vos charges assurance","Chauffeurs VTC / auto-entrepreneurs — comparez RC pro + véhicule en 30 secondes. Devis confidentiel, sans engagement.",Devis VTC gratuit,meta_vtc_p1_convert,https://www.leadsopportunities.fr/landings/vtc.html?utm_source=meta&utm_medium=paid_social&utm_campaign=meta_vtc_p1_convert,https://www.leadsopportunities.fr/blog/assurance-vtc-moins-cher-2026.html?utm_source=meta&utm_medium=paid_social&utm_campaign=meta_vtc_p1_convert,France,Lead
vtc_p1_premiere,vtc,1,4578422069056454,vtc_express,22,45,"1ère course VTC ? Assurez-vous correctement","Checklist assurance avant de démarrer — RC pro, véhicule, franchise. Devis express en 30 s.",Devis VTC,meta_vtc_p1_premiere,https://www.leadsopportunities.fr/landings/vtc.html?utm_source=meta&utm_medium=paid_social&utm_campaign=meta_vtc_p1_premiere,https://www.leadsopportunities.fr/blog/vtc-premiere-course-checklist-assurance.html?utm_source=meta&utm_medium=paid_social&utm_campaign=meta_vtc_p1_premiere,France,Lead
vtc_wakam_courses,vtc,2,4578422069056454,vtc_express,25,58,"Wakam gelé : vos courses Uber en danger ?","Si l’attestation dit Wakam (Yeet, +Simple, Solly, Zéphir…) — basculez avant l’échéance. Devis ORIAS, zéro jour de trou.",Devis hors Wakam,meta_vtc_wakam_courses,https://www.leadsopportunities.fr/landings/vtc.html?utm_source=meta&utm_medium=paid_social&utm_campaign=meta_vtc_wakam_courses,https://www.leadsopportunities.fr/blog/wakam-acpr-assurance-vtc-bascule-2026.html?utm_source=meta&utm_medium=paid_social&utm_campaign=meta_vtc_wakam_courses,France,Lead
vtc_wakam_yeet,vtc,2,4578422069056454,vtc_express,25,55,"Yeet VTC : le score ne sauve pas l’échéance","Contrat Yeet porté par Wakam ? RI + nouvelle attestation avant l’anniversaire. Sans trou Uber/Bolt.",Remplacer Yeet,meta_vtc_wakam_yeet,https://www.leadsopportunities.fr/landings/vtc.html?utm_source=meta&utm_medium=paid_social&utm_campaign=meta_vtc_wakam_yeet,https://www.leadsopportunities.fr/blog/yeet-vtc-wakam-bascule-attestation-2026.html?utm_source=meta&utm_medium=paid_social&utm_campaign=meta_vtc_wakam_yeet,France,Lead
vtc_wakam_solly,vtc,1,4578422069056454,vtc_express,25,58,"Solly / Zéphir : lisez le porteur Wakam","Marque blanche ≠ porteur. Si c’est Wakam, même plan de bascule. Devis hors porteur gelé.",Devis VTC,meta_vtc_wakam_mb,https://www.leadsopportunities.fr/landings/vtc.html?utm_source=meta&utm_medium=paid_social&utm_campaign=meta_vtc_wakam_mb,https://www.leadsopportunities.fr/blog/solly-zephir-wakam-marque-blanche-vtc-2026.html?utm_source=meta&utm_medium=paid_social&utm_campaign=meta_vtc_wakam_mb,France,Lead
sante_p1_comparatif,sante,1,1503493211458105,sante_express,35,70,"Mutuelle santé : comparez en 3 min","Hospitalisation, optique, téléconsultation — devis mutuelle express sans engagement.",Comparer ma mutuelle,meta_sante_p1_convert,https://www.leadsopportunities.fr/landings/sante.html?utm_source=meta&utm_medium=paid_social&utm_campaign=meta_sante_p1_convert,https://www.leadsopportunities.fr/blog/mutuelle-sante-5-criteres.html?utm_source=meta&utm_medium=paid_social&utm_campaign=meta_sante_p1_convert,France,Lead
sante_p1_canicule,sante,1,1503493211458105,sante_express,50,75,"Canicule : votre mutuelle couvre-t-elle les urgences ?","Chaleur extrême — seniors : vérifiez hospitalisation et téléconsultation. Devis en 3 min.",Comparer ma mutuelle,meta_sante_p1_canicule,https://www.leadsopportunities.fr/landings/sante.html?utm_source=meta&utm_medium=paid_social&utm_campaign=meta_sante_p1_canicule,https://www.leadsopportunities.fr/blog/canicule-mutuelle-coup-chaleur-seniors-2026.html?utm_source=meta&utm_medium=paid_social&utm_campaign=meta_sante_p1_canicule,France,Lead
pret_p1_etude,credit_immo,1,1784137922966688,credit_immo_express,28,58,"Prêt immobilier : étude gratuite","Projet d'achat ou renégociation ? Capacité d'emprunt + assurance emprunteur — un courtier vous rappelle.",Étude prêt gratuite,meta_pret_immo_p1_convert,https://www.leadsopportunities.fr/landings/credit-immo.html?utm_source=meta&utm_medium=paid_social&utm_campaign=meta_pret_immo_p1_convert,https://www.leadsopportunities.fr/blog/assurance-emprunteur-loi-lemoine-2026.html?utm_source=meta&utm_medium=paid_social&utm_campaign=meta_pret_immo_p1_convert,France,Lead
pret_p1_capacite,credit_immo,1,1784137922966688,credit_immo_express,28,55,"Combien puis-je emprunter ?","Simulation capacité d'emprunt + options assurance. Étude gratuite, sans changer de banque.",Simuler mon prêt,meta_pret_immo_p1_capacite,https://www.leadsopportunities.fr/landings/credit-immo.html?utm_source=meta&utm_medium=paid_social&utm_campaign=meta_pret_immo_p1_capacite,https://www.leadsopportunities.fr/landings/projection-achat.html?utm_source=meta&utm_medium=paid_social&utm_campaign=meta_pret_immo_p1_capacite,France,Lead
