id,audience,budget_eur_day,age_min,age_max,headline,primary_text,cta,utm_campaign,landing_url,geo,optimize_event
immo_inv_rendement,investisseur,1,28,58,"Investissement locatif : calculez votre rendement","Rendement brut, net et cash-flow en 30 secondes — puis on cible un bien à Nancy / bassin 54. Sans engagement.",Simuler mon rendement,meta_immo_investisseur_rendement,https://www.leadsopportunities.fr/immobilier/investissement.html?utm_source=meta&utm_medium=paid_social&utm_campaign=meta_immo_investisseur_rendement,France,Lead
immo_inv_cashflow,investisseur,1,30,60,"Cash-flow locatif : votre projet tient-il ?","Simulateur + matching biens sous mandat. Financement et PNO au même endroit — référence locale.",Voir l’espace investisseurs,meta_immo_investisseur_cashflow,https://www.leadsopportunities.fr/immobilier/investissement.html?utm_source=meta&utm_medium=paid_social&utm_campaign=meta_immo_investisseur_cashflow#simulateur,Grand Est,Lead
immo_acq_recherche,acquereur,1,28,55,"Vous cherchez un bien à Nancy ?","Recherche, matching et projection du coût réel — pas un catalogue anonyme. Un conseiller local.",Lancer ma recherche,meta_immo_acquereur_recherche,https://www.leadsopportunities.fr/landings/acheteur-immo.html?utm_source=meta&utm_medium=paid_social&utm_campaign=meta_immo_acquereur_recherche,Meurthe-et-Moselle,Lead
immo_acq_credit,acquereur,1,28,55,"Acheter : combien puis-je emprunter ?","Projection achat + étude crédit. Tunnel complet depuis le hub immobilier Leads Opportunities.",Simuler mon achat,meta_immo_acquereur_credit,https://www.leadsopportunities.fr/landings/projection-achat.html?utm_source=meta&utm_medium=paid_social&utm_campaign=meta_immo_acquereur_credit,France,Lead
immo_vend_estimation,vendeur,1,35,70,"Vendre sans brader : estimation claire","Barème public, dépôt d’annonce, photos & Matterport — sans pression. Nancy et alentours.",Demander une estimation,meta_immo_vendeur_estimation,https://www.leadsopportunities.fr/immobilier/#estimation?utm_source=meta&utm_medium=paid_social&utm_campaign=meta_immo_vendeur_estimation,Meurthe-et-Moselle,Lead
immo_vend_depot,vendeur,1,35,70,"Déposez votre bien en 2 minutes","Saisie manuelle ou URL d’annonce. Matching acquéreurs financés — hub immobilier de référence.",Déposer mon bien,meta_immo_vendeur_depot,https://www.leadsopportunities.fr/landings/acheteur-immo.html?role=vendeur&utm_source=meta&utm_medium=paid_social&utm_campaign=meta_immo_vendeur_depot,Grand Est,Lead
immo_loc_locataire,locataire,1,22,45,"Cherchez une location à Nancy","Matching locataire, droits, IRL — hub location Leads Opportunities. Pas une boîte noire d’annonces.",Chercher une location,meta_immo_locataire,https://www.leadsopportunities.fr/landings/location.html?role=locataire&utm_source=meta&utm_medium=paid_social&utm_campaign=meta_immo_locataire,Meurthe-et-Moselle,Lead
immo_loc_bailleur,bailleur,1,30,65,"Mettre en location sans stress","Mandat, IRL, quittances, PNO / GLI — barème location public. Référence bailleurs bassin 54.",Mettre en location,meta_immo_bailleur,https://www.leadsopportunities.fr/landings/location.html?role=bailleur&utm_source=meta&utm_medium=paid_social&utm_campaign=meta_immo_bailleur,Grand Est,Lead
immo_hub_reference,multi,1,25,65,"Immobilier Nancy : la référence locale","Investisseurs, acheteurs, vendeurs, locataires — un seul hub. Marché, prêts, assurances, suivi CRM.",Découvrir le hub,meta_immo_hub_reference,https://www.leadsopportunities.fr/immobilier/?utm_source=meta&utm_medium=paid_social&utm_campaign=meta_immo_hub_reference,France,Lead
